{"text": " Nordmenn er nordl\u00e6nninger, tr\u00f8ndere, s\u00f8l\u00e6nninger og folk fra alle andre regioner. Nordmenn er ogs\u00e5 innvandret fra Afghanistan, Pakistan og Polen, Sverige, Somalia og Syria. Det er ikke alltid s\u00e5 lett \u00e5 si hvor vi er fra, hvilken nasjonalitet vi tilh\u00f8rer. Det vi kaller hjem er der hjertebordet er, og det kan ikke alltid plasseres innfor landegrenser. Nordmenn er jenter som er glad i jenter, gutter som er glad i gutter, og jenter og gutter som er glad i hverandre. Nordmenn tommer p\u00e5 Gud, Allah, Altet og ingenting. Nordmenn liker Grig, Kygo, Helbylis og Cardi Bremnes. Norge er dere, Norge er oss. Mitt st\u00f8rste h\u00e5p for Norge er at vi skal klare \u00e5 ta vare p\u00e5 hverandre, at vi skal bygge dette landet videre p\u00e5 tillid, fjellesskap og reuset.", "segments": [{"id": 0, "seek": 0, "start": 0.0, "end": 8.0, "text": " Nordmenn er nordl\u00e6nninger, tr\u00f8ndere, s\u00f8l\u00e6nninger og folk fra alle andre regioner.", "tokens": [50364, 16229, 76, 1857, 1189, 39284, 75, 7303, 77, 773, 260, 11, 504, 6715, 273, 323, 11, 262, 6715, 75, 7303, 77, 773, 260, 5360, 15748, 6600, 5430, 293, 265, 4458, 260, 13, 50764], "temperature": 0.0, "avg_logprob": -0.26860657949296257, "compression_ratio": 1.330827067669173, "no_speech_prob": 0.19608716666698456}, {"id": 1, "seek": 0, "start": 8.0, "end": 17.0, "text": " Nordmenn er ogs\u00e5 innvandret fra Afghanistan, Pakistan og Polen, Sverige, Somalia og Syria.", "tokens": [50764, 16229, 76, 1857, 1189, 23864, 7714, 85, 474, 1505, 6600, 13658, 11, 15985, 5360, 3635, 268, 11, 33973, 11, 12297, 15579, 5360, 3902, 4668, 13, 51214], "temperature": 0.0, "avg_logprob": -0.26860657949296257, "compression_ratio": 1.330827067669173, "no_speech_prob": 0.19608716666698456}, {"id": 2, "seek": 1700, "start": 17.0, "end": 32.0, "text": " Det er ikke alltid s\u00e5 lett \u00e5 si hvor vi er fra, hvilken nasjonalitet vi tilh\u00f8rer.", "tokens": [50364, 4237, 1189, 13076, 45861, 4719, 20689, 8841, 1511, 31459, 1932, 1189, 6600, 11, 276, 20202, 2653, 5382, 15735, 304, 16341, 1932, 8440, 71, 6715, 9797, 13, 51114], "temperature": 0.0, "avg_logprob": -0.26537827522523944, "compression_ratio": 1.4031007751937985, "no_speech_prob": 0.00746495695784688}, {"id": 3, "seek": 1700, "start": 32.0, "end": 41.0, "text": " Det vi kaller hjem er der hjertebordet er, og det kan ikke alltid plasseres innfor landegrenser.", "tokens": [51114, 4237, 1932, 350, 22414, 23731, 443, 1189, 1163, 23731, 10634, 65, 765, 302, 1189, 11, 5360, 1141, 4608, 13076, 45861, 499, 640, 9931, 7714, 2994, 2117, 1146, 1095, 12484, 13, 51564], "temperature": 0.0, "avg_logprob": -0.26537827522523944, "compression_ratio": 1.4031007751937985, "no_speech_prob": 0.00746495695784688}, {"id": 4, "seek": 4100, "start": 42.0, "end": 51.0, "text": " Nordmenn er jenter som er glad i jenter, gutter som er glad i gutter, og jenter og gutter som er glad i hverandre.", "tokens": [50414, 16229, 76, 1857, 1189, 361, 14278, 3307, 1189, 5404, 741, 361, 14278, 11, 5228, 391, 3307, 1189, 5404, 741, 5228, 391, 11, 5360, 361, 14278, 5360, 5228, 391, 3307, 1189, 5404, 741, 276, 331, 474, 265, 13, 50864], "temperature": 0.0, "avg_logprob": -0.2074254277240799, "compression_ratio": 1.5714285714285714, "no_speech_prob": 0.05911971256136894}, {"id": 5, "seek": 4100, "start": 51.0, "end": 57.0, "text": " Nordmenn tommer p\u00e5 Gud, Allah, Altet og ingenting.", "tokens": [50864, 16229, 76, 1857, 2916, 936, 4170, 45986, 11, 4574, 11, 15992, 302, 5360, 3957, 49265, 13, 51164], "temperature": 0.0, "avg_logprob": -0.2074254277240799, "compression_ratio": 1.5714285714285714, "no_speech_prob": 0.05911971256136894}, {"id": 6, "seek": 4100, "start": 57.0, "end": 64.0, "text": " Nordmenn liker Grig, Kygo, Helbylis og Cardi Bremnes.", "tokens": [51164, 16229, 76, 1857, 2913, 260, 2606, 328, 11, 12237, 1571, 11, 6128, 2322, 75, 271, 5360, 11877, 72, 363, 2579, 4081, 13, 51514], "temperature": 0.0, "avg_logprob": -0.2074254277240799, "compression_ratio": 1.5714285714285714, "no_speech_prob": 0.05911971256136894}, {"id": 7, "seek": 6400, "start": 64.0, "end": 69.0, "text": " Norge er dere, Norge er oss.", "tokens": [50364, 426, 4685, 1189, 15969, 11, 426, 4685, 1189, 19508, 13, 50614], "temperature": 0.0, "avg_logprob": -0.1945524362417368, "compression_ratio": 1.3888888888888888, "no_speech_prob": 0.5353988409042358}, {"id": 8, "seek": 6400, "start": 71.0, "end": 84.0, "text": " Mitt st\u00f8rste h\u00e5p for Norge er at vi skal klare \u00e5 ta vare p\u00e5 hverandre, at vi skal bygge dette landet videre p\u00e5 tillid, fjellesskap og reuset.", "tokens": [50714, 18784, 342, 15499, 2941, 24367, 79, 337, 426, 4685, 1189, 412, 1932, 16890, 9671, 543, 8841, 1846, 371, 543, 4170, 276, 331, 474, 265, 11, 412, 1932, 16890, 538, 70, 432, 47126, 2117, 302, 7217, 323, 4170, 4288, 327, 11, 283, 73, 898, 442, 34334, 5360, 319, 301, 302, 13, 51364], "temperature": 0.0, "avg_logprob": -0.1945524362417368, "compression_ratio": 1.3888888888888888, "no_speech_prob": 0.5353988409042358}], "language": "no"}